title,link
100 YEARS AS AN,https://t.me/moon_read/694
101 CONFESSION,https://t.me/moon_read/760
2000 YEARS OF MAGIC HISTORY IN MY HEAD,https://t.me/moon_read/63
7TH TIME LOOP: THE VILLAINESS ENJOYS A CAREFREE LIFE MARRIED TO HER WORST ENEMY!,https://t.me/moon_read/1009
86 - EIGHTY-SIX (Vol 1-13),https://t.me/moon_read/399
A BEAUTIFUL LIE,https://t.me/moon_read/666
A BUSINESS PROPOSAL,https://t.me/moon_read/81
A BUTTERFLY THROUGH THE MIST,https://t.me/moon_read/1110
A CASUAL LIE (ISEOP ROMANCE'S SEQUEL),https://t.me/moon_read/1171
A CHILD WHO LOOKS LIKE ME,https://t.me/moon_read/288
A COMMON STORY OF A LADY'S NEW LIFE,https://t.me/moon_read/56
A COUPLE OF OBLIGATION,https://t.me/moon_read/563
A COURT OF THORNS AND ROSES SERIES üîûüîûüîû,https://t.me/moon_read/335
A CRUEL BEAST'S LEASH,https://t.me/moon_read/669
A CURE FOR THE TYRANT,https://t.me/moon_read/1259
A DEAL WITH THE FRIGID WIZARD,https://t.me/moon_read/1266
A DREAM ESCAPE,https://t.me/moon_read/1235
A DUCHESS ABANDONED,https://t.me/moon_read/306
A FAIRY TALE FOR A WICKED WOMAN,https://t.me/moon_read/1120
A FAIRY TALE WRITTEN BY VILLAIN,https://t.me/moon_read/364
A GUIDE TO A PERFECT DEATH,https://t.me/moon_read/871
A HORROR GAME STEEPED IN IMMORALITY,https://t.me/moon_read/993
A KIND'S GOBLIN BIRD üîûüîûüîû,https://t.me/moon_read/396
A MARRIAGE CONTRACT WITH MY TWO HUSBANDS,https://t.me/moon_read/904
A MATCH MADE IN MANA,https://t.me/moon_read/508
A NAKED START TO A RELATIONSHIP,https://t.me/moon_read/830
A PAINTING OF THE VILLAINESS AS A YOUNG LADY,https://t.me/moon_read/1149
A RETURNER'S MAGIC SHOULD BE SPECIAL,https://t.me/moon_read/1234
A REVERSAL OF UNREQUITED LOVE,https://t.me/moon_read/410
A SAINT ADOPT BY THE DUKE,https://t.me/moon_read/971
A SAVAGE PROPOSAL,https://t.me/moon_read/439
A SECOND DIVORCE IS DIFFICULT,https://t.me/moon_read/406
A SEED THIEFüîûüîûüîû,https://t.me/moon_read/372
A SHUT-IN WAS PROPOSED BY A TYRANT,https://t.me/moon_read/795
A SURVIVING IN AN ADULT-RATED ROMANCE  GAME,https://t.me/moon_read/1174
A TALENTED MAID,https://t.me/moon_read/1233
A THIRD RATE VILLAIN TRIES HER BEST TODAY,https://t.me/moon_read/1050
A TOWER MAID LOCKED UP WITH THE PRINCE,https://t.me/moon_read/414
A VILLAIN'S WILL TO SURVIVE,https://t.me/moon_read/1068
A VULGAR PROPOSAL üîûüîûüîû,https://t.me/moon_read/975
A WALK IN THE CLOUDS,https://t.me/moon_read/457
A WAY TO CONFIRM YOUR HUSBAND TRUE'S FEELING,https://t.me/moon_read/1175
A WICKED HUSBAND ‚ÄºÔ∏èüîûüîû‚ÄºÔ∏è,https://t.me/moon_read/998
A WIFE TO LOVE,https://t.me/moon_read/177
A WORLD WITHOUT YOU,https://t.me/moon_read/369
A WOVEN ATTACHMENT,https://t.me/moon_read/294
ABANDONED MAID OF THE GRAND DUKE,https://t.me/moon_read/475
ABANDONED SAINTESS AND THE DEMON SLAVE,https://t.me/moon_read/854
ABOUT YOUR PRIDE AND PREJUDICE,https://t.me/moon_read/809
ABOVE YOUR HEAD,https://t.me/moon_read/1240
ABSOLUTE DWELLER,https://t.me/moon_read/1078
ABSOLUTE THRESHOLD üîûüîûüîû,https://t.me/moon_read/868
ACCIDENTAL LOVE,https://t.me/moon_read/304
"ACCIDENTALY IN LOVE : THE WITCH, THE KNIGHT, AND LOVE POTION SLIPUP",https://t.me/moon_read/471
ACTING HUSBAND üîûüîûüîû,https://t.me/moon_read/270
ADAGIO üîûüîûüîû,https://t.me/moon_read/978
ADELINE DARKEST NIGHT,https://t.me/moon_read/238
ADONIS,https://t.me/moon_read/1013
ADRENALINE RUSH,https://t.me/moon_read/1199
AFTER ALL THIS TIME I THOUGHT YOU ABANDONED ME,https://t.me/moon_read/815
"AFTER GETTING RICH, MY DECEASED HUSBAND RETURNED",https://t.me/moon_read/482
AFTER SHE LEFT,https://t.me/moon_read/731
AFTER YOUR REGRET,https://t.me/moon_read/598
AIMING FOR THE ALIMONY,https://t.me/moon_read/1003
ALBRECHT'S PEARL,https://t.me/moon_read/250
ALLIUM,https://t.me/moon_read/959
ALTHOUGH RECKLESS üîûüîûüîû,https://t.me/moon_read/778
ALTRUISTIC WARRIOR üîûüîûüîû,https://t.me/moon_read/761
AMONGST THE TAINTED,https://t.me/moon_read/1180
AN AUTUMN IN AMBER,https://t.me/moon_read/425
AN EARLY ENGAGEMENT,https://t.me/moon_read/961
AN UNBREAKABLE MARRIAGE,https://t.me/moon_read/837
ANDERSEN'S FAIRY TALES,https://t.me/moon_read/473
ANNE OF THE GREEN GABLES,https://t.me/moon_read/311
ANSWER ME MY PRINCE,https://t.me/moon_read/937
ANTIMONY üîû,https://t.me/moon_read/1229
ANTISOCIAL SAFETY ZONE,https://t.me/moon_read/1025
APOLLO'S HEART,https://t.me/moon_read/135
ARE YOU CRAZY,https://t.me/moon_read/1236
ARRANGED MARRIAGE,https://t.me/moon_read/835
ARROGANT REGRET,https://t.me/moon_read/986
AS IF LOVE DOESN'T EXIST,https://t.me/moon_read/405
AS THE HEART LEADS,https://t.me/moon_read/755
AT NIGHT I BECOME A MONSTER,https://t.me/moon_read/456
"ATONEMENT, FOR YOUR CRUELTY",https://t.me/moon_read/1271
AUTHOR OF MY DESTINY,https://t.me/moon_read/35
BAILONZ STREET 13,https://t.me/moon_read/436
BARBARIAN QUEST,https://t.me/moon_read/716
BASTIAN,https://t.me/moon_read/96
BATTLE ROYALE,https://t.me/moon_read/647
BE FASCINATED üîûüîûüîû,https://t.me/moon_read/411
BE INDULGED üîûüîûüîû,https://t.me/moon_read/412
BEAST BLUE BLOOD,https://t.me/moon_read/1147
BEAST OF THE FROZEN NIGHT,https://t.me/moon_read/921
BEAST WITHOUT GRACE,https://t.me/moon_read/843
BEAUTY OF THEBES üîûüîûüîû,https://t.me/moon_read/568
BECAME THE TYRANT'S COMPANION RABBIT,https://t.me/moon_read/1281
BECOMING A STAR,https://t.me/moon_read/61
BECOMING YOU,https://t.me/moon_read/50
BEFORE DEATH DO US APART,https://t.me/moon_read/1182
BEFORE THE HEROINE STEPS IN,https://t.me/moon_read/610
BEFORE YOU GO INSANE üîûüîûüîû,https://t.me/moon_read/983
BEHIND HER HIGHNESS SMILE,https://t.me/moon_read/142
BELOVED ANGELA üîûüîûüîû,https://t.me/moon_read/1020
BENEATH MY SAVIOR'S FEET,https://t.me/moon_read/544
BETRAYAL OF DIGNITY,https://t.me/moon_read/341
BETWEEN SEASONS üîûüîûüîû,https://t.me/moon_read/521
Bibliophile Princess,https://t.me/moon_read/381
BILLIONAIRE WITH BENEFITS,https://t.me/moon_read/682
BLOOD ORANGE,https://t.me/moon_read/906
BODY POSITION üîû,https://t.me/moon_read/683
"BON APP√âTIT, YOUR MAJESTY",https://t.me/moon_read/1098
BORDERLINE,https://t.me/moon_read/1292
BORING MARRIAGE LIFE üîûüîûüîû,https://t.me/moon_read/987
BREAKING THE CURSE BY YOUR TOUCH,https://t.me/moon_read/595
BREEDING INSTINCT,https://t.me/moon_read/847
BREEDING MARRIAGE,https://t.me/moon_read/1119
BRIDAL AUCTION üîûüîûüîû,https://t.me/moon_read/552
BRIDAL LESSON üîûüîûüîû,https://t.me/moon_read/297
BRIDGETON PREQUEL COLLECTION,https://t.me/moon_read/513
CAJETAN'S BRIDE ‚ÄºÔ∏èüîûüîû‚ÄºÔ∏è üè¥‚Äç‚ò†Ô∏è,https://t.me/moon_read/957
CAMELIA TATTOO üîûüîûüîû,https://t.me/moon_read/401
CAMPFIRE COOKING IN ANOTHER WORLD,https://t.me/moon_read/528
CAN THE IMPRINTED VILLAINESS SURVIVE?,https://t.me/moon_read/1081
CAN'T COME BACK üîûüîûüîû,https://t.me/moon_read/443
CAN'T GET ENOUGH OF YOU üîûüîûüîû,https://t.me/moon_read/316
CHARLOTTE,https://t.me/moon_read/985
CHARMING THE DUKE OF THE NORTH,https://t.me/moon_read/754
CHEAP TASTE,https://t.me/moon_read/548
CHESTFIELD MANSION: THE HOUSE OF THE MAN WHO HATES ME,https://t.me/moon_read/1106
CHOSEN AS THE NEW OF VILLAIN FAMILY,https://t.me/moon_read/577
CINDERELLA DREAMS OF BECOMING HER BROTHER'S DOG EVERY NIGHT,https://t.me/moon_read/1153
"CINDERELLA IS THE MALE LEAD?
üîûüîûüîû",https://t.me/moon_read/742
CITADEL OF DESIRE üîûüîûüîû,https://t.me/moon_read/981
CLASSROOM OF THE ELITE VOLUME 0,https://t.me/moon_read/1008
CLASSROOM OF THE ELITE: YEAR 1,https://t.me/moon_read/1005
CLASSROOM OF THE ELITE: YEAR 2,https://t.me/moon_read/1006
CLASSROOM OF THE ELITE: YEAR 3,https://t.me/moon_read/1007
CLOSE UP ENCOUNTER WITH MY BROTHER'S FRIEND,https://t.me/moon_read/663
CONFESSIONS,https://t.me/moon_read/438
CONQUER MY HEART,https://t.me/moon_read/653
CONQUERING MY OWN HORROR NOVEL,https://t.me/moon_read/62
CONTRACT MARRIAGE INTERUPTED,https://t.me/moon_read/1243
CONTRACT MARRIAGE WITH THE VILLAIN WHO'LL KILL ME,https://t.me/moon_read/1255
CONTRACT OF THE BLIND,https://t.me/moon_read/995
CRASHGATE,https://t.me/moon_read/1295
CRAZY IN LOVE üîûüîûüîû,https://t.me/moon_read/346
CRAZY MARRIAGE  ‚ÄºÔ∏èüîûüîûüîû‚ÄºÔ∏è,https://t.me/moon_read/758
CREATURE COOKBOOK 2,https://t.me/moon_read/1237
CRIME FOR LOVING ME,https://t.me/moon_read/839
CRUEL FATE,https://t.me/moon_read/1177
CRUSH BLIND DATE,https://t.me/moon_read/1179
CRY OR BETTER YET BEG,https://t.me/moon_read/92
CUNNING FISH OF THE FOREST,https://t.me/moon_read/1203
CURSE OF THE SAINTESS üîûüîû,https://t.me/moon_read/1037
DAD KIDNAPPED THE OBSESSIVE MANIAC,https://t.me/moon_read/487
DADDY I DON'T WANT TO MARRY,https://t.me/moon_read/214
DAISY - HOW TO BECOME THE DUKE'S FIANC√âE,https://t.me/moon_read/388
DAISY OF SOMERSET,https://t.me/moon_read/621
DANGEROUS FIANCEE,https://t.me/moon_read/783
DARE TO LOVE,https://t.me/moon_read/688
DARK DAD'S REBIRTH,https://t.me/moon_read/849
DARK WATER,https://t.me/moon_read/643
DAZZLING DIVORCE,https://t.me/moon_read/575
DEAD-END VILLAINESS WHO MAKES MEDICINE,https://t.me/moon_read/800
DEADLY VOWS ‚ÄºÔ∏èüîûüîûüîû‚ÄºÔ∏è,https://t.me/moon_read/710
"DEAR TEACHER, FROM VANESSA",https://t.me/moon_read/569
DEATH CAN'T SLEEP,https://t.me/moon_read/582
DEBAUCHED MARQUIS'S MIDNIGHT HOURS,https://t.me/moon_read/1124
DEEP BOREDOM,https://t.me/moon_read/409
DELICIOUS SACRIFICE üîûüîûüîû,https://t.me/moon_read/806
DELICIOUS SWEET MILK BAGUETTE üîûüîûüîû,https://t.me/moon_read/393
DELIVER US FROM THE EVIL ONE,https://t.me/moon_read/836
DESTRUCTIVE SALVATION,https://t.me/moon_read/1209
DEVIL SWAN,https://t.me/moon_read/851
DID I WAKE UP THE SLEEPING PRINCE?,https://t.me/moon_read/938
DIE MELUSINE,https://t.me/moon_read/1170
DIE MELUSINE üîûüîûüîû,https://t.me/moon_read/293
DIFFERENCE üîûüîûüîû,https://t.me/moon_read/873
DIRTY MARRIAGE,https://t.me/moon_read/1197
DISOBEY THE DUKE IF YOU DARE,https://t.me/moon_read/378
DIVORCE IS THE CONDITION,https://t.me/moon_read/972
"DIVORCE ME, I'LL RAISE THE CHILD ALONE",https://t.me/moon_read/558
DIVORCE PROPOSAL,https://t.me/moon_read/1282
DIVORCE UNLEASHED THE MANIAC MADNESS,https://t.me/moon_read/609
DIVORCE WILL BE COMPLETED IN 3 SECONDS,https://t.me/moon_read/844
DO YOUR BEST AND REGRET IT,https://t.me/moon_read/949
DO YOUR OWN REVOLUTION,https://t.me/moon_read/632
DOBERMAN üîûüîûüîû,https://t.me/moon_read/355
DON'T ATTRACT THE CUNNING BOY'S ATTENTION,https://t.me/moon_read/1269
DON'T BE KIND TO ME,https://t.me/moon_read/1261
DON'T FEED RECKLESSLY üîûüîûüîû,https://t.me/moon_read/272
DON'T HOLD ON BROKEN BRANCH,https://t.me/moon_read/668
DOPPIO SENSO,https://t.me/moon_read/496
DOUBLE AGENT,https://t.me/moon_read/1128
DRAGON POOR,https://t.me/moon_read/719
DRAGON POOR,https://t.me/moon_read/717
DRUNKEN ALERT,https://t.me/moon_read/1284
DUCHESS MECKLEN'S GRACEFUL REBELLION,https://t.me/moon_read/1001
DUCHESS'S PREGNANCY CONTRACT,https://t.me/moon_read/922
DUKE AND DUCHESS REUNION,https://t.me/moon_read/914
DUKE PENDRAGON: MASTER OF WHITE DRAGON,https://t.me/moon_read/1239
DUKE PLEASE STOP BECAUSE IT HURTS,https://t.me/moon_read/686
EAT WINNIE PIEüîû,https://t.me/moon_read/592
Elegant Aubrey üîûüîûüîû,https://t.me/moon_read/689
EMERALD MIDNIGHT'S LOVER,https://t.me/moon_read/296
EMPEROR SOLO PLAY,https://t.me/moon_read/676
EMPEROR'S LOVER,https://t.me/moon_read/1253
EMPRESS FROM ANOTHER WORLD,https://t.me/moon_read/681
ENDLESS SUMMER,https://t.me/moon_read/1272
EPIC POESTRY OF A KINGDOM,https://t.me/moon_read/1265
ESCAPE ME IF YOU CAN,https://t.me/moon_read/897
ESCAPE THE ORIGINAL MALE LEAD,https://t.me/moon_read/637
ETRANGER,https://t.me/moon_read/718
EVELYN DALE'S BROKEN DREAM,https://t.me/moon_read/963
EVEN IF I'M TORN APART,https://t.me/moon_read/597
EVEN IF IT'S NOT LOVE üîûüîûüîû,https://t.me/moon_read/765
EVEN IF THIS LOVE / TEARS DISAPPEARS FROM THE WORLD TONIGHT,https://t.me/moon_read/450
EVEN MORE,https://t.me/moon_read/1211
EVEN THOUGH THE DUCHESS WANTS TO,https://t.me/moon_read/1103
EXPLOSIVE ROMANCE,https://t.me/moon_read/698
F MY EX üîûüîûüîû,https://t.me/moon_read/616
FAILED TO TRAIN THE BEAST MALE LEAD,https://t.me/moon_read/771
FAIR TRADE,https://t.me/moon_read/704
FALLING TO PARADISE,https://t.me/moon_read/470
FAREWELL üîûüîûüîû,https://t.me/moon_read/967
FATE OF ASH,https://t.me/moon_read/1260
FATHER I WON'T DO ANYTHING,https://t.me/moon_read/743
FEAR STREET SAGA TRILOGY,https://t.me/moon_read/143
FEARLESSLY DARING,https://t.me/moon_read/1183
FEEL OF A B-GRADE HORROR GAME,https://t.me/moon_read/803
FILTHY IMPRINT,https://t.me/moon_read/936
FINDING CAMELLIA,https://t.me/moon_read/131
FLIPPED,https://t.me/moon_read/559
FLOWER IN BLOOM,https://t.me/moon_read/696
FLOWERS ARE BAIT üîûüîûüîû,https://t.me/moon_read/133
FLOWERS BLOOMING IN THE SWAMP üîûüîûüîû,https://t.me/moon_read/833
FLY ME TO THE MOON,https://t.me/moon_read/1054
FOR ARIADNE,https://t.me/moon_read/1215
FOR BETTER OR WORSE,https://t.me/moon_read/66
FOR DAPHNE üîûüîûüîû,https://t.me/moon_read/1195
FOR MY DERELICT FAVOURITE,https://t.me/moon_read/163
FOR PERSEPHONE üîûüîûüîû,https://t.me/moon_read/1194
FOR PHAEDRA,https://t.me/moon_read/1214
FOR PSYCHE,https://t.me/moon_read/1212
FOR THE GODDESSES,https://t.me/moon_read/1213
FOR YOUR FAILED UNREQUITED LOVE,https://t.me/moon_read/357
FORBIDDEN SECRETS,https://t.me/moon_read/176
FORGET MY HUSBAND I'M GO TO MAKE MONEY,https://t.me/moon_read/674
FORGOTTEN JULIET,https://t.me/moon_read/834
FRICTIONAL HEAT üîûüîûüîû,https://t.me/moon_read/1193
FRIENDLY ARROGANCE üîûüîûüîû,https://t.me/moon_read/1210
FROM BFF TO OBSSESIVE HUBBY,https://t.me/moon_read/467
"FROZEN WOLF, FIRE DRAGON",https://t.me/moon_read/373
FUNICULI FUNICULA,https://t.me/moon_read/298
Garden Of Black Jade,https://t.me/moon_read/1181
GATE OF JANUS,https://t.me/moon_read/1279
GOTH,https://t.me/moon_read/642
GRACE IN WONDERLAND,https://t.me/moon_read/700
GRACE'S STRANGE PROPOSAL,https://t.me/moon_read/1072
GRAND DUCAL COUPLE'S AFTER MARRIAGE LOVE STORY,https://t.me/moon_read/1163
GRIMM'S FAIRY TALES,https://t.me/moon_read/474
GRIND TEETH,https://t.me/moon_read/1096
HALF POSESSION üîûüîûüîû,https://t.me/moon_read/1044
HANDSOME TRASH,https://t.me/moon_read/820
HARRY POTTER SERIES,https://t.me/moon_read/305
HAUNTING ADELINE + HUNTING ADELINE ‚ÄºÔ∏èüîûüîûüîû‚ÄºÔ∏è,https://t.me/moon_read/278
HAVING ENEMY'S BABY,https://t.me/moon_read/953
HE WHO ONLY LOVE THE BODY,https://t.me/moon_read/1166
HE'S MY CHILDHOOD FRIEND'S BOYFRIEND,https://t.me/moon_read/1138
"HE'S MY REAL BROTHER, DUKE",https://t.me/moon_read/635
HE'S NOT IN LOVE WITH ME,https://t.me/moon_read/1060
"HELLO, SUNBAE üîûüîûüîû",https://t.me/moon_read/1053
HER MAJESTY'S NIGHT üîûüîûüîû,https://t.me/moon_read/931
HER MERRY OBSESSION / MERRY PSYCHO üîûüîûüîû,https://t.me/moon_read/262
HERE REIGNS THE VENGEFUL VILLAINESS,https://t.me/moon_read/631
HEROINE ON STRIKE,https://t.me/moon_read/227
HIGH SOCIETY,https://t.me/moon_read/279
HIS LORDSHIP‚ÄôS RIGHT OF THE FIRST NIGHT,https://t.me/moon_read/1158
HIS MAJESTY'S PROPOSAL,https://t.me/moon_read/171
"HONEY, WHY CAN'T WE GET DIVORCE?",https://t.me/moon_read/376
HOUSE OF WHISPER,https://t.me/moon_read/156
HOW ABOUT COSMIC HORROR?,https://t.me/moon_read/1141
HOW TO DIVORCE MY VILLAIN HUSBAND,https://t.me/moon_read/1162
HOW TO ESCAPE AN ESPER HAREM,https://t.me/moon_read/1190
HOW TO ESCAPE FROM YANDERE'S CRAZY'S OBSESSION üîûüîûüîû,https://t.me/moon_read/751
HOW TO EXTEND A MARRIAGE CONTRACT,https://t.me/moon_read/798
HOW TO FIX PSYCOPATH üîûüîû,https://t.me/moon_read/525
HOW TO GIVE UP ON YOU,https://t.me/moon_read/1029
HOW TO HIDE THE EMPEROR CHILD,https://t.me/moon_read/392
HOW TO HOLD A WOLF'S LEASH,https://t.me/moon_read/1273
HOW TO LOVE AS AN S-CLASS ESPER BORROWED CLASS,https://t.me/moon_read/1222
HOW TO LOVE SOMEONE ARROGANT LIKE YOU,https://t.me/moon_read/1070
HOW TO PERFECTLY BREAK UP WITH YOU,https://t.me/moon_read/495
HOW TO REJECT MY OBSESSIVE EX-HUSBAND üîûüîûüîû,https://t.me/moon_read/400
HOW TO RUN AWAY FROM OBSESSED MAN,https://t.me/moon_read/740
HOW TO SURVIVE AS A MAID IN A HORROR GAME,https://t.me/moon_read/1105
HOW TO SURVIVE AS A VILLAIN ON THE VERGE OF DEATH,https://t.me/moon_read/636
HOW TO SURVIVE AS THAT VILLAINESS,https://t.me/moon_read/920
HOW TO TAME MY BEASTLY HUSBAND,https://t.me/moon_read/858
HOW TO WIN MY HUSBAND OVER,https://t.me/moon_read/1028
HUMAN RIGHTS FOR FEMALE ORIENTED GAME VILLAINS,https://t.me/moon_read/639
HUNTING THE SNOW WHITE,https://t.me/moon_read/1267
"HUSBAND, JUST ONE LAST TIME!",https://t.me/moon_read/519
I AM A WITCH AND MY CRUSH WANTS ME TO MAKE A LOVE POTION,https://t.me/moon_read/385
I AM BLUE IN PAIN AND FRAGILE,https://t.me/moon_read/418
I BECAME THE DUKE'S MALE SERVANT,https://t.me/moon_read/1242
I BECAME THE EMPEROR FIANCE,https://t.me/moon_read/613
I BECAME THE MALE LEAD'S TARGET,https://t.me/moon_read/623
I BECAME THE MASTER OF THE DEVIL,https://t.me/moon_read/941
I BECAME THE OMEGA IN A GAME,https://t.me/moon_read/1191
I BECAME THE TUTOR OF THE ROYAL TWINS,https://t.me/moon_read/736
I BECAME THE TYRANT'S SERVANTS,https://t.me/moon_read/916
I BECAME THE VILLAIN'S MASTER,https://t.me/moon_read/942
I BECAME THE VILLAINOUS SUB-MALE LEAD'S PET BIRD,https://t.me/moon_read/1052
I BECAME THE YOUNGEST PRINCE IN THE NOVEL,https://t.me/moon_read/802
I BECOME MY SON'S FIRST LOVE üîûüîûüîû,https://t.me/moon_read/516
I BROKE OFF MY ENGAGEMENT THEN GET MARRIED,https://t.me/moon_read/599
I CAUGHT THE VILLAIN'S ATTENTION,https://t.me/moon_read/870
I CHANGED MY HUSBAND AT THE WEDDING,https://t.me/moon_read/791
I DECIDED TO KIDNAP HIM,https://t.me/moon_read/785
I DEDICATE MY DESPAIR TO YOU,https://t.me/moon_read/1228
I DIDN'T ASK TO MARRY YOU MALE LEAD,https://t.me/moon_read/1257
I DIDN'T KNOW HE WAS THE MASTERMIND,https://t.me/moon_read/1225
I DIDN'T MEAN TO SEDUCE THE MALE LEAD,https://t.me/moon_read/522
I DON'T TRUST MY TWIN,https://t.me/moon_read/877
"I DON'T WANT TO ATTACK YOU
üîûüîûüîû",https://t.me/moon_read/612
I DON'T WANT TO BE A LADY,https://t.me/moon_read/792
I DON'T WANT TO BE LOVED,https://t.me/moon_read/159
I DON'T WANT TO DO ROMANTIC COMEDY WITH THE VILLAIN,https://t.me/moon_read/889
I DON'T WANT TO WORK,https://t.me/moon_read/918
I ENDED UP SAVING THE DUKE WHO'S MEANT TO DIE,https://t.me/moon_read/741
I FAILED TO OUST THE VILLAIN,https://t.me/moon_read/289
"I FELL IN LOVE AT FIRST SIGHT, MR VILLAIN",https://t.me/moon_read/807
I FELL INTO A REVERSE HAREM GAME üîû üîû üîû,https://t.me/moon_read/263
I HAD NO COMPLAINT ABOUT THIS MARRIAGE,https://t.me/moon_read/1114
I HAD THAT SAME DREAM AGAIN,https://t.me/moon_read/455
I HELPED THE IMPRISON MALE LEAD AND HE BECAME OBSESSED,https://t.me/moon_read/878
I LIED TO THE MALE LEAD WITH MY PINKY FINGER ON THE LINE,https://t.me/moon_read/1152
I LISTENED TO MY HUSBAND AND BROUGHT IN A LOVER,https://t.me/moon_read/1038
I LOVE YOU MONSTER,https://t.me/moon_read/947
I MARRIED THE MALE LEAD DEAD,https://t.me/moon_read/154
I NEED SOMEONE TO STOP MY OLDER BROTHER,https://t.me/moon_read/928
I PICKED UP A FRAMED PRINCE,https://t.me/moon_read/580
I PICKED UP A SECOND LEAD AFTER ENDING,https://t.me/moon_read/267
I RAISED A BLACK DRAGON,https://t.me/moon_read/532
I RAN AWAY AND THE REVERSE HAREM STARTED,https://t.me/moon_read/1262
I REGRESSED BUT MY HUSBAND WAS POSSESSED BY SOMEONE ELSE,https://t.me/moon_read/988
I RETURNED AS THE OBSESSIVE DUKE'S WIFE ONCE AGAIN,https://t.me/moon_read/786
I SHOULD HAVE JUST DIED,https://t.me/moon_read/479
I START WITH A BAD HAND,https://t.me/moon_read/927
I STOLE THE EMPEROR FIRST NIGHT,https://t.me/moon_read/638
I STOLE THE HEROINE'S HOLY GRAIL,https://t.me/moon_read/494
I THOUGHT IT WAS AN ARRANGED MARRIAGE,https://t.me/moon_read/523
I THOUGHT MY TIME WAS UP!,https://t.me/moon_read/702
I THOUGHT YOU WERE A SWEET KIND HEARTED PERSON,https://t.me/moon_read/520
I THOUGHT YOU WERE A TIME LIMITED HUSBAND,https://t.me/moon_read/984
I TOLD YOU I WON'T LOVE YOU ANYMORE,https://t.me/moon_read/976
I TRIED TO SAVE FAVORITE BUT ENDED UP BECOMING THE HEROINE,https://t.me/moon_read/1263
I USE MY CHILDHOOD FRIEND TO LOSE MY VIRGINITY üîû,https://t.me/moon_read/640
I WANNA LIVE AN EASY LIFE,https://t.me/moon_read/969
I WANNA SLEEP WITH YOU,https://t.me/moon_read/958
"I WANT A DIVORCE, PLEASE STOP OBSESSING OVER ME!",https://t.me/moon_read/1045
I WANT TO EAT YOUR PANCREAS,https://t.me/moon_read/420
I WAS CAPTURED WHILE TRYING TO TAME A TYRANT,https://t.me/moon_read/1032
I WAS MISTAKEN AS A MONSTROUS GENIUS ACTOR,https://t.me/moon_read/417
I WAS ONLY TRYING TO AVOID DEFAMATION,https://t.me/moon_read/1226
I WAS REINCARNATED AS THE EMPEROR'S SLEEPING PILL,https://t.me/moon_read/861
I WAS TRYING TO AVOID THE VILLAIN BUT ENDED UP GETTING MARRIED,https://t.me/moon_read/912
I WILL DISAPPEAR GRAND DUKE,https://t.me/moon_read/435
I WILL FORGET THIS FEELING SOMEDAY,https://t.me/moon_read/454
I WILL NOT RETURN TO MY FAMILY,https://t.me/moon_read/583
I WILL RAISE THIS BABY AS ANOTHER MAN'S CHILD,https://t.me/moon_read/1252
I'LL BECOME THE QUEEN OF THE ENEMY'S COUNTRY,https://t.me/moon_read/739
I'LL MAKE IT A BAD ENDING LIKE A VILLAIN,https://t.me/moon_read/894
I'LL MESS UP THIS REGRET NOVEL AND ROMANCE FANTASIES,https://t.me/moon_read/968
I'LL QUIT AS THE EMPRESS,https://t.me/moon_read/1154
I'M A DOLL BUT THE TYRANT IS OBSESSED WITH ME,https://t.me/moon_read/526
I'M NOT DOING THIS WITH A FRIEND,https://t.me/moon_read/1146
I'M NOT INTERESTED IN THE MC,https://t.me/moon_read/784
I'M NOT THE FINAL BOSS' LOVER,https://t.me/moon_read/619
I'M PREGNANT WITH MY FRIEND'S CHILD üîûüîûüîû,https://t.me/moon_read/732
I'M READY FOR DIVORCE,https://t.me/moon_read/67
I'M STUCK ON THE ISLAND WITH THE MALE LEADS,https://t.me/moon_read/794
I'M THE DYING EMPEROR'S DOCTOR,https://t.me/moon_read/695
IF I WAS GOING TO REGRET IT ANYWAY,https://t.me/moon_read/363
IF ONLY I COULD DISAPPEAR,https://t.me/moon_read/593
IF YOU DESIRE TO KEEP ME,https://t.me/moon_read/838
IF YOU SPEND THE NIGHT WITH THE ALPHA PRINCE üîûüîûüîû,https://t.me/moon_read/1015
IF YOU STEAL THE DUKE'S TREASURE AND RUN AWAY,https://t.me/moon_read/1157
"IF YOU'RE GOING TO SELL YOURSELF, SELL IT TO ME üîûüîûüîû",https://t.me/moon_read/1002
IMPURE INTENT,https://t.me/moon_read/1285
IMPURE TASTES,https://t.me/moon_read/829
IMPURE TENDERNESS,https://t.me/moon_read/229
IMPURE THOUGHTS OF THE INNOCENT,https://t.me/moon_read/852
"IN ORDER TO MEET YOU, BELOVED",https://t.me/moon_read/799
"IN THE DEPTHS OF SHAME, LOVE EXIST",https://t.me/moon_read/1014
IN THE MIDDLE OF THE NIGHT IN THE DUKE'S MANSION,https://t.me/moon_read/772
IN THE SHADOW OF THE SPRING üîûüîûüîû,https://t.me/moon_read/380
"IN THIS LIFE, I WILL BE YOUR DOG",https://t.me/moon_read/1064
INGRID THE WHITE DEER,https://t.me/moon_read/821
INTO THE LIGHT ONCE AGAIN,https://t.me/moon_read/342
INVITATION OF THE CRESENT MOON,https://t.me/moon_read/970
IRAINE'S CIRCUMTANCES,https://t.me/moon_read/1278
IS MY DAD NOT A VILLAIN?,https://t.me/moon_read/926
IS MY FRIEND'S OLDER BROTHER OKAY?,https://t.me/moon_read/994
IS THE PRINCE OF CURIOSITY AN EXCEPTIONAL MAN?,https://t.me/moon_read/919
ISEOP'S LOVE,https://t.me/moon_read/242
IT DOESN'T MATTER IF YOU'RE BROKEN ‚ÄºÔ∏èüîûüîûüîû‚ÄºÔ∏è,https://t.me/moon_read/757
IT WAS ALL YOU,https://t.me/moon_read/672
IT WAS JUST A CONTRACT MARRIAGE,https://t.me/moon_read/167
IT WAS YOU FROM THE BEGINNING,https://t.me/moon_read/1126
IT WOULD BE PROBLEM IF YOU RUN AWAY,https://t.me/moon_read/1033
IT'S NOT NIGHT üîûüîûüîû,https://t.me/moon_read/1143
JOHAN LOVES TITE,https://t.me/moon_read/764
JUST LEAVE ME BE,https://t.me/moon_read/68
JUST TWILIGHT,https://t.me/moon_read/268
KALLI THE CHAMPION,https://t.me/moon_read/181
KARINA LAST DAYS,https://t.me/moon_read/41
KILL THE HERO,https://t.me/moon_read/628
KILL THE VILLAINESS,https://t.me/moon_read/303
KILL THIS MARRIAGE,https://t.me/moon_read/818
KILLER BANG,https://t.me/moon_read/715
KINGS OF SIN SERIES üîûüîûüîû,https://t.me/moon_read/336
KISS SIXTH SENSE,https://t.me/moon_read/158
KNEEL BEFORE ME,https://t.me/moon_read/1067
LADY CLASS üîûüîûüîû,https://t.me/moon_read/973
LADY EVONY,https://t.me/moon_read/1238
LADY TO QUEEN,https://t.me/moon_read/152
LANTERN AGAINTS THE WIND üîûüîûüîû,https://t.me/moon_read/234
LEDA AND THE SWAN,https://t.me/moon_read/1137
LEMONADE ‚ÄºÔ∏èüîûüîûüîû‚ÄºÔ∏è,https://t.me/moon_read/723
LET'S HIDE MY LITTLE BROTHER,https://t.me/moon_read/944
LET'S LIVE TOGETHER,https://t.me/moon_read/790
LET'S MEET IN COURT,https://t.me/moon_read/768
LEWD CONFESSION,https://t.me/moon_read/965
LIES BECOME YOU,https://t.me/moon_read/531
LIFE ONCE AGAIN,https://t.me/moon_read/677
LIFT MY CURSE SIR KNIGHT,https://t.me/moon_read/960
LIGHTS DON'T GO OUT IN THE ANNEX üîûüîûüîû,https://t.me/moon_read/542
LIKE WIND ON A DRY BRANCH,https://t.me/moon_read/99
LINIA TOOK IN A CHILD,https://t.me/moon_read/874
LIVING AS THE DUKE'S SECOND WIFE,https://t.me/moon_read/996
LIVING WITH AN EX-HUSBAND,https://t.me/moon_read/1150
LIVING WITH DANGEROUS BEAST üîûüîûüîû,https://t.me/moon_read/605
LONG AFTER THE ENDING,https://t.me/moon_read/543
LORD OF THE MYSTERIES,https://t.me/moon_read/277
LOUT'S OF COUNT'S FAMILY,https://t.me/moon_read/286
LOVE AFFAIR,https://t.me/moon_read/351
LOVE BY SOUP,https://t.me/moon_read/489
LOVE DOESN'T MATTER,https://t.me/moon_read/948
LOVE JUNKIE üîûüîûüîû,https://t.me/moon_read/1063
LOVING FATHER'S DAUGHTER,https://t.me/moon_read/1293
LOYAL SOLDIER LUSTFUL BEAST,https://t.me/moon_read/428
LUCIA üîûüîûüîû,https://t.me/moon_read/290
LV. 99 PRINCESS OF BLACK FLAME,https://t.me/moon_read/1107
MAID'S NIGHTüîûüîûüîû,https://t.me/moon_read/362
MAIDEN OF THE NEEDLE,https://t.me/moon_read/433
MARRIAGE & ABSENTE¬†üîûüîûüîû,https://t.me/moon_read/759
MARRIAGE DESTINY,https://t.me/moon_read/1286
MARRIAGE SITUATION,https://t.me/moon_read/956
MARRY MY HUSBAND,https://t.me/moon_read/132
MARRYING ENEMY'S ILLEGITIMATE DAUGHTER.,https://t.me/moon_read/545
MASTER ARE YOU GOING TO IMPRISON MY SISTER?,https://t.me/moon_read/753
MAY GOD BLESS YOUR DEMISE,https://t.me/moon_read/517
MIDNIGHT BLUE üîûüîûüîû,https://t.me/moon_read/1062
MIDNIGHT CINDERELLA,https://t.me/moon_read/248
MINOR MISUNDERSTANDING üîû,https://t.me/moon_read/641
MISALIGNED LOVE,https://t.me/moon_read/665
MISS PENDLETON,https://t.me/moon_read/283
MISTER WHO CROSSED THE LINE,https://t.me/moon_read/596
MORAL-LESS SCANDAL,https://t.me/moon_read/899
MORE THAN YOU KNOW,https://t.me/moon_read/203
MOTHER'S CONTRACT MARRIAGE,https://t.me/moon_read/1205
MR. KADAN IN THE DEEP FOREST,https://t.me/moon_read/1011
MUDDY SUMMER üîûüîûüîû,https://t.me/moon_read/511
MULTIRACIAL NURSERY IN ANOTHER WORLD,https://t.me/moon_read/1283
MY BELOVED OPPRESSOR,https://t.me/moon_read/59
MY BOSS IS THE FINAL BOSS,https://t.me/moon_read/1258
MY BROTHER'S FRIEND ON THE CHOPPING BOARD üîûüîûüîû,https://t.me/moon_read/752
MY CIVIL SERVANT LIFE REBORN IN STRANGE WORLD,https://t.me/moon_read/733
MY DADDY HID HIS POWER,https://t.me/moon_read/1294
MY DANGEROUS CHILDHOOD FRIEND¬†üîûüîûüîû,https://t.me/moon_read/781
MY DESERT BLOOM,https://t.me/moon_read/1167
MY DREAM IS TO GET MY OWN HOUSE,https://t.me/moon_read/940
MY ELEGANT RULER,https://t.me/moon_read/561
MY FARM BY THE PALACE,https://t.me/moon_read/224
MY GENTLY RAISED BEAST,https://t.me/moon_read/153
MY HAPPY MARRIAGE,https://t.me/moon_read/430
MY HATEFUL DARLING,https://t.me/moon_read/824
MY HOUSE GOT CRAZY AT 10 PM,https://t.me/moon_read/1046
MY HUSBAND AND I CANNOT LIVE IN THE SAME WORLD,https://t.me/moon_read/862
MY HUSBAND IS POSSESSED BY THE MAIN CHARACTER,https://t.me/moon_read/1125
MY HUSBAND NEVER DIES ‚ÄºÔ∏èüîûüîû‚ÄºÔ∏è,https://t.me/moon_read/1000
MY HUSBAND WHO HATES ME HAS LOST HIS MEMORIES,https://t.me/moon_read/814
MY HUSBAND WILL REGRET THIS,https://t.me/moon_read/726
MY HUSBAND'S DIVORCE ATTORNEY,https://t.me/moon_read/1288
"MY HUSBAND, WHO KEEPS HIS FEELING PRIVATE, STRUGGLES WITH SEPARATION ANXIETY",https://t.me/moon_read/1022
MY IN LAWS ARE OBSESSED WITH ME,https://t.me/moon_read/150
MY MONSTROUS HUSBAND CAN'T REALLY BE A MONSTER,https://t.me/moon_read/1092
MY PERFECT OMEGA üîûüîûüîû,https://t.me/moon_read/397
MY SECRETLY HOT HUSBAND,https://t.me/moon_read/69
MY SISTER THE TYRANT'S QUEEN,https://t.me/moon_read/1249
MY STRANGE SAVIOR,https://t.me/moon_read/890
MY SWEET HEART,https://t.me/moon_read/97
MY WICKED MASQUERADER,https://t.me/moon_read/748
MY XX CAME IN WHILE I WAS SLEEPING,https://t.me/moon_read/1277
MY YOUNGER BROTHER FORCES THE FLOWER PATH,https://t.me/moon_read/307
MY YOUNGER BROTHER IS SALIVATING AFTER ME,https://t.me/moon_read/888
MYTHIC LINE SERIES,https://t.me/moon_read/1216
NECTAR¬†üîûüîûüîû,https://t.me/moon_read/1173
NEVER SAVED YOU,https://t.me/moon_read/416
NEW FEAR,https://t.me/moon_read/147
NIGHT OF DELUSION,https://t.me/moon_read/879
NIGHT OF ORIGINAL SIN,https://t.me/moon_read/1256
NIGHT'S OF THE FOUR SEASONS,https://t.me/moon_read/600
NIGHTMARE CAME TO THE PLACE I ESCAPED,https://t.me/moon_read/441
NO MORE PRINCE,https://t.me/moon_read/1176
NO NEED FOR REGRETS,https://t.me/moon_read/360
NO SUCH A THING AS CHASTE MAN,https://t.me/moon_read/708
NOBLE IN NAME VULGAR AT HEART,https://t.me/moon_read/777
NOBLE PIRATE,https://t.me/moon_read/354
NONE TRIXXER,https://t.me/moon_read/905
NOT SOBER üîûüîûüîû,https://t.me/moon_read/1042
NOT YOUR TYPICAL REINCARNATION STORY,https://t.me/moon_read/347
NOW YOU'RE OBSESSED üîûüîûüîû,https://t.me/moon_read/977
OBLIGATION OF AN ARRANGE MARRIAGE,https://t.me/moon_read/808
OBSESSED BY MY HUSBAND'S MAD DOG,https://t.me/moon_read/1251
OBSESSED WITH HAZEL THE SWEET WITCH,https://t.me/moon_read/633
OFFERING SALTED FISH TO MASTER,https://t.me/moon_read/964
OMEGA'S UNWANTED MATE ON DESERTED ISLE,https://t.me/moon_read/1254
OMNISCIENT READER'S VIEWPOINT,https://t.me/moon_read/1077
OMNISCIENT READER'S VIEWPOINT,https://t.me/moon_read/709
ON RATIONAL MARITAL LIFE,https://t.me/moon_read/1296
ONE AND ONLY,https://t.me/moon_read/1102
ONE NIGHT RULE üîûüîûüîû,https://t.me/moon_read/237
ONE YEAR MARRIAGE,https://t.me/moon_read/692
ONLY SURVIVE MATTERS,https://t.me/moon_read/1116
ORBITUARY,https://t.me/moon_read/1082
ORIGIN OF EVIL,https://t.me/moon_read/863
OSCAR,https://t.me/moon_read/1270
OUT,https://t.me/moon_read/1135
PACHINKO,https://t.me/moon_read/468
PAINFUL BUT DESIRABLE üîûüîûüîû,https://t.me/moon_read/232
PENANCE,https://t.me/moon_read/1159
PENGUIN HIGHWAY,https://t.me/moon_read/649
PERFECT BLUE,https://t.me/moon_read/464
PERFECT MARRIAGE REVENGE,https://t.me/moon_read/149
PERFECT REVENGE,https://t.me/moon_read/812
PERFECTLY BROKEN UP WITH YOU,https://t.me/moon_read/823
PERSONAL SHOPPER,https://t.me/moon_read/534
PET LADY IN WAITING,https://t.me/moon_read/353
PHANTOM THIEF FAKES MARRIAGE WITH INVESTIGATOR,https://t.me/moon_read/779
PHILOMEL THE FAKE,https://t.me/moon_read/70
PHOTOPSIA üîûüîûüîû,https://t.me/moon_read/671
"PICKED UP A BEAST, TURNS OUT HE'S AN EMPEROR",https://t.me/moon_read/775
PIOUS PRIEST'S SINFUL COLLECTION,https://t.me/moon_read/1016
PLEASE BE MINDFUL OF NOISE BETWEEN WALLS,https://t.me/moon_read/1264
"PLEASE BE QUIET AND TAKE OFF YOUR ""SOMETHING""üîûüîûüîû‚ÄºÔ∏è",https://t.me/moon_read/379
PLEASE DIVORCE ME,https://t.me/moon_read/816
PLEASE DIVORCE ME,https://t.me/moon_read/617
PLEASE DON'T EAT ME,https://t.me/moon_read/173
PLEASE DON'T KILL ME,https://t.me/moon_read/974
PLEASE STOP YOUR HIGHNESS,https://t.me/moon_read/1131
POLITICAL MARRIAGE WITH A FRIENDLY ENEMY,https://t.me/moon_read/134
POSITIVELY YOURS,https://t.me/moon_read/88
POSSESSION,https://t.me/moon_read/831
POST POSSESION DAMAGE CONTROL,https://t.me/moon_read/245
PRECAUTIONS OF A SNAKEPIT,https://t.me/moon_read/909
PRECIOUS DAUGHTER OF THE GREATEST MARTIAL ARTS,https://t.me/moon_read/1117
PREDATORY MARRIAGE üîûüîûüîû,https://t.me/moon_read/769
"PREGNANCY FOR A SUCCESSOR
üîûüîûüîû",https://t.me/moon_read/651
PREGNANT BY THE SEA SERPENT,https://t.me/moon_read/309
PREY,https://t.me/moon_read/1185
PRIDE AND SANCTIMONY,https://t.me/moon_read/774
PRINCESS OF THE ANIMALS,https://t.me/moon_read/880
PULL THE TRIGGER,https://t.me/moon_read/827
QUEEN IN THE SHADOWS,https://t.me/moon_read/1090
RATHER THAN A SON I'LL TAKE THE FATHER,https://t.me/moon_read/882
RAVEN OF THE INNER PALACE,https://t.me/moon_read/434
RE-LIVING MY LIFE WITH A BOYFRIEND WHO DOESN'T REMEMBER ME,https://t.me/moon_read/312
REBOOT SIENNA,https://t.me/moon_read/157
REBORN RICH,https://t.me/moon_read/136
RED CLOAK üîûüîû,https://t.me/moon_read/546
RED RAIN,https://t.me/moon_read/1204
RED RIDING HOOD,https://t.me/moon_read/840
REGINA RENA,https://t.me/moon_read/160
RELATIONSHIP PRINCIPLE üîûüîûüîû,https://t.me/moon_read/1059
REMEMBER ME MOTHER,https://t.me/moon_read/1118
RETURN OF THE LEGENDARYY HUNTER,https://t.me/moon_read/680
REVOLUTIONARY PRINCESS EVE,https://t.me/moon_read/310
REWRITING MY TRAGIC ENDING,https://t.me/moon_read/382
RIDE YOUR WAVE,https://t.me/moon_read/452
ROFAN'S GEM,https://t.me/moon_read/1227
ROMANCE,https://t.me/moon_read/869
ROMANCE IN REVERSE,https://t.me/moon_read/228
ROMANTIC PSYCHO üîûüîûüîû,https://t.me/moon_read/1206
ROMANTIC SUPERPOWERS,https://t.me/moon_read/860
ROMEO & ROSALINE,https://t.me/moon_read/550
ROXANA,https://t.me/moon_read/216
ROYAL SCANDAL,https://t.me/moon_read/1198
RUNAWAY SCRETARY,https://t.me/moon_read/601
RUSTY TRAIN üîû,https://t.me/moon_read/1127
RUT FEVER,https://t.me/moon_read/1223
S CLASS DUNGEON'S MISTRESS,https://t.me/moon_read/1083
SAINTESS üîûüîûüîû,https://t.me/moon_read/398
"SAINTESS, I DARE",https://t.me/moon_read/1021
SALVATION OF THE FALLEN üîûüîûüîû,https://t.me/moon_read/504
SAVAGE CASTLE üîûüîûüîû,https://t.me/moon_read/555
SAVAGE FOREST üîûüîûüîû,https://t.me/moon_read/1091
"SAVING YOU, VILLAIN",https://t.me/moon_read/848
SAVOR THE TASTE,https://t.me/moon_read/675
SECRET ENCOUNTER üîû,https://t.me/moon_read/440
SECRET HEAVEN,https://t.me/moon_read/952
SECRET LADY,https://t.me/moon_read/1055
SECRET NIGHT OF COMFORT,https://t.me/moon_read/1172
SECRETARY ESCAPE,https://t.me/moon_read/247
SEDUCED A COLD BLOODED DUKE,https://t.me/moon_read/564
SEEKING YOUR FORGIVENESS,https://t.me/moon_read/442
SEVENTH TIME'S THE CHARM,https://t.me/moon_read/762
SEXUAL TENSION,https://t.me/moon_read/842
SHINE + BRIGHT,https://t.me/moon_read/477
"SINCE I DON'T KNOW ANYTHING ABOUT IT, SHALL WE BREAK UP, YOUR MAJESTY?",https://t.me/moon_read/924
SLAVE CAN'T SLEEP,https://t.me/moon_read/1280
SNAKE ENTWINING FLOWERS,https://t.me/moon_read/497
SO I MARRIED AN ABANDONES CROWN PRINCE,https://t.me/moon_read/907
SOFTCORE FILM,https://t.me/moon_read/1275
SOLITARY LADY,https://t.me/moon_read/236
SOLO LEVELING,https://t.me/moon_read/205
SONG OF THE LAMB,https://t.me/moon_read/934
SORRY I SENT IT TO THE WRONG PERSON,https://t.me/moon_read/1248
"SPIT OUT WHEN BITTER, SWALLOW WHEN SWEET",https://t.me/moon_read/480
SPYXFAMILY (FAMILY PORTRAIT),https://t.me/moon_read/648
STEPMOTHERS ARE NOT ALWAYS EVIL,https://t.me/moon_read/634
STIGMA EFFECT,https://t.me/moon_read/322
STIGMA üîûüîûüîû,https://t.me/moon_read/514
STOLEN üîûüîûüîû,https://t.me/moon_read/515
STRANGE TALE OF PANORAMA ISLAND,https://t.me/moon_read/644
SUCH ON EASY LOVE AFFAIR,https://t.me/moon_read/828
SUDDENLY DIVORCE üîûüîûüîû,https://t.me/moon_read/483
SUELLEN,https://t.me/moon_read/499
SULTAN'S LOVE üîûüîûüîû,https://t.me/moon_read/291
SUMMER GHOST,https://t.me/moon_read/429
SUZUME,https://t.me/moon_read/1004
SWALLOWED,https://t.me/moon_read/845
SWAN GRAVE üîûüîûüîû,https://t.me/moon_read/1056
TAKING CARE OF MY HUSBAND IN TRAGIC NOVEL,https://t.me/moon_read/727
TALES CELESTIAL KINGDOM TRILOGY,https://t.me/moon_read/280
TAMING MY GWANGGONG FATHER,https://t.me/moon_read/1041
TAMING THE ABANDONED PRINCE,https://t.me/moon_read/891
TELL ME TO REGRET DON'T TEMPT ME,https://t.me/moon_read/1104
TELL ME YOU LIKE IT üîûüîûüîû,https://t.me/moon_read/358
TEMPEST NIGHT,https://t.me/moon_read/192
TEN WAYS TO GET DUMPED BY A TYRANT,https://t.me/moon_read/199
THAT NIGHT THE BEAST UNFAILINGLY SOUGHT ME OUT,https://t.me/moon_read/1297
THAT NIGHT WITHOUT PERMISSION,https://t.me/moon_read/813
THE AGE OF ARROGANCE,https://t.me/moon_read/359
THE ALPHA TARGETS FIRST LOVE,https://t.me/moon_read/935
THE ANCIENT MAGUS BRIDE,https://t.me/moon_read/432
THE APHRODITE'S CHOICE,https://t.me/moon_read/737
THE APOTHECARY DIARIES,https://t.me/moon_read/527
THE ARCHDUKE'S FABULOUS FAKE MARRIAGE,https://t.me/moon_read/72
THE ARCHVILLAIN'S DAUGHTER-IN-LAW,https://t.me/moon_read/386
THE ARCHVILLAIN'S DYING NANNY,https://t.me/moon_read/943
THE ARRANGED SUITOR WAS THE KIDNAPPER,https://t.me/moon_read/706
THE AUTUMN JADE BAMBOO,https://t.me/moon_read/1245
THE BABY ISN'T YOURS,https://t.me/moon_read/725
THE BABY RAISING A DEVIL,https://t.me/moon_read/415
THE BAENGRI'S CLAN UNWANTED DAUGHTER,https://t.me/moon_read/606
THE BATTLE OF DIVORCE üîûüîûüîû,https://t.me/moon_read/657
THE BEAST OF THE ALBARD MANSION üîûüîûüîû,https://t.me/moon_read/394
THE BEAST TRIBE'S BRIDE üîûüîûüîû,https://t.me/moon_read/630
THE BEAST WON'T LET ME SLEEP,https://t.me/moon_read/533
THE BEGINNING AFTER THE END,https://t.me/moon_read/886
THE BELOVED FAKE SAINT,https://t.me/moon_read/73
THE BLACK LIZARD,https://t.me/moon_read/645
THE BOOMERANG DUKE üîûüîûüîû,https://t.me/moon_read/182
THE BREAKUP BETWEEN YOU AND ME üîûüîûüîû,https://t.me/moon_read/1094
THE BRIDLE OF SIN,https://t.me/moon_read/992
THE BROKEN RING üîûüîûüîû,https://t.me/moon_read/939
THE BUTTERFLY'S SWEET TEARS,https://t.me/moon_read/1113
THE CASTLE KEEPER OF THE SACRED EYE,https://t.me/moon_read/145
THE CHILDHOOD FRIEND AND THE DEBUDANTE BALL,https://t.me/moon_read/1164
THE CHRONICLES OF THE KILNER FAMILY,https://t.me/moon_read/140
THE COMPLETE SHERLOCK HOLMES,https://t.me/moon_read/446
THE CONFINEMENT ENDING I LOVED üîûüîûüîû,https://t.me/moon_read/801
THE CONTRACT WIFE TRIES TO LEAVE,https://t.me/moon_read/1115
THE COUNT'S SECRET MAID,https://t.me/moon_read/898
THE COUNTRYSIDE LADY;S GRIDGE RUNS DEEP,https://t.me/moon_read/917
THE COZY TRAPS,https://t.me/moon_read/498
THE CRAZY KILLER WHALE FAVOURITE PENGUIN,https://t.me/moon_read/797
THE CRAZY PROLOGUE NEVER ENDS,https://t.me/moon_read/484
THE CRAZY RICH ASIANS TRILOGY,https://t.me/moon_read/321
THE CROWN PRINCE'S COURTESAN üîûüîûüîû,https://t.me/moon_read/1151
THE CRUELTY OF SALVATION,https://t.me/moon_read/585
THE CURSED BEAST CAUGHT MY LEASH,https://t.me/moon_read/1109
THE CURSED PRINCESS AMD THE LUCKY KNIGHT,https://t.me/moon_read/445
THE DEMON'S DARLING DAUGHTER,https://t.me/moon_read/368
THE DEVILS WHO BREAKS MY NECK üè¥‚Äç‚ò†Ô∏èüè¥‚Äç‚ò†Ô∏èüè¥‚Äç‚ò†Ô∏è,https://t.me/moon_read/1035
THE DIVORCEE'S DESSERT CAFE,https://t.me/moon_read/370
THE DOCTOR IS OUT,https://t.me/moon_read/74
THE DOG ACT üîûüîûüîû,https://t.me/moon_read/265
THE DRAGON DUKE'S WIFE,https://t.me/moon_read/793
THE DRAGON KING'S BRIDE,https://t.me/moon_read/703
THE DRAGON PRINCE'S BRIDE,https://t.me/moon_read/1241
THE DRAGON'S OBSESSION,https://t.me/moon_read/627
THE DUCHESS AND THE DEVILüîû,https://t.me/moon_read/611
THE DUCHESS DANGEROUS LOVE LIFE,https://t.me/moon_read/667
THE DUCHESS'S SECRET BOUTIQUE,https://t.me/moon_read/614
THE DUKE'S DARLING DAUGHTER IN LAW,https://t.me/moon_read/444
THE DUKE'S XX AND THE MAID,https://t.me/moon_read/1221
THE ELEGANT SEDUCTION OF DUKE ROCKBELLION,https://t.me/moon_read/1010
THE EMPEROR LADY IN WAITING IS WANTED AS A BRIDE,https://t.me/moon_read/453
THE EMPEROR REVERSES TIME,https://t.me/moon_read/966
THE EMPEROS IS MY BROTHER'S BEST FRIEND,https://t.me/moon_read/662
THE EMPRESS RETURNSüîû,https://t.me/moon_read/659
THE END OF A PERFECT REVENGE üîûüîûüè¥‚Äç‚ò†Ô∏èüè¥‚Äç‚ò†Ô∏èüè¥‚Äç‚ò†Ô∏è,https://t.me/moon_read/1034
THE END OF THE WORLD,https://t.me/moon_read/1039
THE EVIL STEPMOTHER LIVES ON,https://t.me/moon_read/685
THE EXHAUSTING REALITY OF NOVEL TRANSMIGRATION,https://t.me/moon_read/1160
THE EXTRA DECIDED TP BE FAKE,https://t.me/moon_read/485
THE FAKE MAID,https://t.me/moon_read/553
THE FAKE SAINTESS DOESN'T WISH FOR DEATH,https://t.me/moon_read/1250
THE FALLEN FRUIT UNDER THE PARADISE üîûüîûüîû,https://t.me/moon_read/560
THE FALLEN PRINCESS IS SOLD OFF,https://t.me/moon_read/911
THE FANTASIE OF A STEPMOTHER MARCHEN,https://t.me/moon_read/217
THE FARMER'S WIFE IS A VILLAINESS,https://t.me/moon_read/1244
THE FEMALE LEAD RUINED THE ORIGINAL,https://t.me/moon_read/652
THE FEMALE PROTAGONIST KILLED THE MALE PROTAGONIST,https://t.me/moon_read/1207
THE FIRST NIGHT WITH THE DUKE,https://t.me/moon_read/540
THE FLOWER OF VENERATION,https://t.me/moon_read/196
THE FLOWER THAT SWALLOWED THE BEAST,https://t.me/moon_read/541
THE FLOWER WHO BEARS THE SWORD,https://t.me/moon_read/962
THE FOREST OF GLASS ‚ÄºÔ∏èüîûüîû‚ÄºÔ∏è,https://t.me/moon_read/997
THE FOREST WHERE MONSTER LIVE üè¥‚Äç‚ò†Ô∏èüè¥‚Äç‚ò†Ô∏èüè¥‚Äç‚ò†Ô∏è,https://t.me/moon_read/1036
THE FORGOTEN DAWAN,https://t.me/moon_read/500
THE FORGOTTEN MEADOW,https://t.me/moon_read/1122
THE FRUIT OF IMMORALITY üîû,https://t.me/moon_read/581
THE GAP BETWEEN A SUPPORTING CHARACTER AND SUB MALE LEAD,https://t.me/moon_read/1084
THE GAP BETWEEN YOU & ME,https://t.me/moon_read/413
THE GIRL FROM THE WELL,https://t.me/moon_read/646
THE GIRL WHO FELL BENEATH THE SEA,https://t.me/moon_read/300
THE GOLDEN FOREST  (#OFFICIAL),https://t.me/moon_read/104
THE GREAT WISH,https://t.me/moon_read/855
THE GREATEST ESTATE DEVELOPER,https://t.me/moon_read/174
THE HATE TRAPS üîûüîûüîû,https://t.me/moon_read/315
THE HATED EMPRESS TAMES THE TYRANT,https://t.me/moon_read/626
THE HEIRESS DOUBLE LIFE,https://t.me/moon_read/148
THE HERO'S SAVIOR,https://t.me/moon_read/946
THE HEROINE HAD AN AFFAIR WITH MY FIANCE,https://t.me/moon_read/796
THE HIDDEN MUSE / ODALISQUE,https://t.me/moon_read/547
THE HOUSEKEEPER OF THE DUNGEON,https://t.me/moon_read/945
THE HUNTING THROPHY,https://t.me/moon_read/1155
THE HUNTRESS IS THE WOLF'S BRIDE,https://t.me/moon_read/1142
THE HUSBAND I NEVER KNEW I HAD,https://t.me/moon_read/408
THE HUSBAND I THOUGHT WAS DEAD HEAS RETURNED üîûüîûüîû,https://t.me/moon_read/1192
THE IMPACT OF VILLAINESS FAKE MARRIAGE,https://t.me/moon_read/930
THE IMPULSE OF THE MOMENT,https://t.me/moon_read/923
THE INNOCENT MAGE'S SPELLBINDING NIGHTS üîûüîûüîû,https://t.me/moon_read/745
THE KNIGHT AND HER EMPEROR,https://t.me/moon_read/620
THE KUN'S ARAN (MATURE),https://t.me/moon_read/654
THE LADY'S STALKER,https://t.me/moon_read/295
THE LAST SUMMER,https://t.me/moon_read/524
THE LITTLE LADY BEHIND THE SCENE,https://t.me/moon_read/670
THE LITTLE MERMAN DEMANDS LEGS FROM THE SEA WITCH üîûüîûüîû,https://t.me/moon_read/395
THE LORD OF THE RING,https://t.me/moon_read/501
THE LUNAR CHRONICLES,https://t.me/moon_read/493
THE MAD DUKE'S PERFECT MAID,https://t.me/moon_read/1196
THE MAID UNDER THE STAIRS,https://t.me/moon_read/819
THE MAIN LEAD WON'T RUN AWAY,https://t.me/moon_read/574
THE MALE LEAD'S ADOPTED DAUGHTER,https://t.me/moon_read/607
THE MALE LEADS ARE TRAPPED IN MY PAINTING,https://t.me/moon_read/1184
THE MARQUIS OF RODIAN AND IRON WALL LADYüîûüîûüîû,https://t.me/moon_read/361
THE MELANCHOLY OF MRS. BERDRANT,https://t.me/moon_read/1066
THE MISTRESS OF HOUSE KLAUS,https://t.me/moon_read/1023
THE MONSTER DUKE MISTOOK ME AS HIS WIFE,https://t.me/moon_read/925
THE MONSTER DUKE WAS FOOLED,https://t.me/moon_read/1247
THE MONSTER'S ROOM üîûüîûüîû,https://t.me/moon_read/767
THE MONSTROUS DUKE'S ADOPTED DAUGHTER,https://t.me/moon_read/387
THE MOON MADNESS üîûüîûüîû,https://t.me/moon_read/512
THE MULBERRY SONG,https://t.me/moon_read/488
THE NANNY OF HOUSE HERZEN üîûüîûüîû,https://t.me/moon_read/810
THE NECK,https://t.me/moon_read/841
THE NIGHT AFFAIRS OF THE EXTRA MARQUIS'S BELOVED,https://t.me/moon_read/789
THE NIGHT AUTUMN STAYED,https://t.me/moon_read/1274
THE NIGHT OF EDEN üîûüîûüîû,https://t.me/moon_read/254
THE NIGHT OF THE MONSTER,https://t.me/moon_read/887
THE NIGHT WITH COMMANDER,https://t.me/moon_read/951
THE NUTCRACKER,https://t.me/moon_read/1268
THE OBSESSED HERO AND THE VILLAINOUS FAMILY'S DAUGHTER,https://t.me/moon_read/201
THE OBSESSIVE MALE LEAD FOUND OUT I'M ALIVE,https://t.me/moon_read/756
THE OBSESSIVE MALE LEAD MADE ME THE FEMALE LEAD,https://t.me/moon_read/735
THE OBSESSIVE MANIAC IS TRYING TO CONFINE ME,https://t.me/moon_read/625
THE OFFERED BRIDE üîûüîûüîû,https://t.me/moon_read/576
THE ONE WHO WON'T BE ABANDONED,https://t.me/moon_read/865
THE ORIGINAL FEMALE LEAD RAN AWAY,https://t.me/moon_read/915
THE PAST LIFE OF THE ARROGANT ARCHDUKE üîûüîûüîû,https://t.me/moon_read/1144
THE PERKS OF BEING VILLAINESS,https://t.me/moon_read/75
THE PET'S TEMPTATION üîûüîûüîû,https://t.me/moon_read/766
THE PREGNANT MAID RUNS AWAY,https://t.me/moon_read/603
THE PRICE IS YOUR EVERYTHING,https://t.me/moon_read/697
THE PRICE OF BROKEN ENGAGEMENT,https://t.me/moon_read/1224
THE PRINCE AND THE SLAVE,https://t.me/moon_read/1051
THE PRINCE SEDUCES ME WITH HIS BODY,https://t.me/moon_read/1018
THE PRINCELIEST PRINCE OF ALL,https://t.me/moon_read/1079
THE PRINCESS BEDROOM' DOLL üîûüîûüîû,https://t.me/moon_read/811
THE PRINCESS OF HEARTS AND MAD HATTER KING,https://t.me/moon_read/301
THE PRISONER OF BEAUTY,https://t.me/moon_read/486
THE PRIVATE TUTOR TAKES OVER THE VILLAINOUS,https://t.me/moon_read/1287
THE PROBLEMATIC PRINCE,https://t.me/moon_read/94
THE PROBLEMATIC PRINCE Additional SIDE STORY,https://t.me/moon_read/275
THE QUEEN AND THE LION,https://t.me/moon_read/746
THE QUEEN OF KISSES,https://t.me/moon_read/161
THE READON WE BREAK UP,https://t.me/moon_read/747
THE REASON WHY SHE WANTED TO LEAVE,https://t.me/moon_read/763
THE RED DOG üîû,https://t.me/moon_read/1231
THE RED NIGHTS AT DUKE CASTLE,https://t.me/moon_read/139
THE REDEMPTION OF EARL NOTTINGHAM,https://t.me/moon_read/82
THE REGRETFUL VILLAINNESS,https://t.me/moon_read/602
THE REINCARNATED VILLAINESS SEEKS REVENGE,https://t.me/moon_read/913
THE REMARRIED EMPRESS,https://t.me/moon_read/85
THE ROLE OF GRAND DUCHESS,https://t.me/moon_read/859
THE ROYAL DEAL üîûüîûüîû,https://t.me/moon_read/1047
THE SACRED ONE SPEAKS,https://t.me/moon_read/910
THE SAND BRIDE üîûüîûüîû,https://t.me/moon_read/1017
THE SEASON I LOVED YOU WITHOUT YOU,https://t.me/moon_read/817
THE SECOND'S MALE LEAD REGRETS,https://t.me/moon_read/573
THE SECRET BEDROOM OF THE ABANDONED PRINCESS üîûüîûüîû,https://t.me/moon_read/231
THE SECRET ROMANCE OF THE ENGAGED COUPLE,https://t.me/moon_read/1123
THE SICKLY GRAND DUKE IS OBSESSED WITH ME,https://t.me/moon_read/571
THE SLAVE PRINCESS EVERY NIGHT,https://t.me/moon_read/1089
THE SNAKE'S PREDATORY BRIDE,https://t.me/moon_read/1165
THE SOULESS DUCHESS,https://t.me/moon_read/883
THE STRONGEST BROTHER LOST HIS MEMORY / THICKER THAN MEMORY,https://t.me/moon_read/375
THE TAINTED HALF,https://t.me/moon_read/195
THE TAMED HEIRESS üîûüîûüîû,https://t.me/moon_read/773
THE TEMPTED PRIEST IS GOING TO HELL üîûüîûüîû,https://t.me/moon_read/720
THE TERMINALLY ILL STEPMOTHER WILL NOW DISSAPPEAR,https://t.me/moon_read/991
THE TERMINALLY ILL VILLAINESS IS GOING ON STRIKE,https://t.me/moon_read/624
THE TUNNEL TO SUMMER,https://t.me/moon_read/424
THE TUTOR'S PERFECT MEAL,https://t.me/moon_read/1136
THE TYRANT MISTOOK ME FOR A COMPANION,https://t.me/moon_read/622
THE TYRANT WANTS TO BE GOOD,https://t.me/moon_read/650
THE TYRANT'S COMFORT DOLL,https://t.me/moon_read/1112
THE TYRANT'S COMFORT DOLL,https://t.me/moon_read/604
THE TYRANT'S ETIQUETTE TUTOR,https://t.me/moon_read/204
THE TYRANT'S LOST WIFE,https://t.me/moon_read/594
THE UNDERCOVER DUCHESS üîûüîûüîû,https://t.me/moon_read/770
THE UNEXPECTEDüîû,https://t.me/moon_read/660
THE UNINTENTIONAL VILLAINESS,https://t.me/moon_read/1200
THE VEGETARIAN,https://t.me/moon_read/391
THE VILLAIN IS BEING SUSPICIOUSLY KIND,https://t.me/moon_read/908
THE VILLAIN IS MINE NOW,https://t.me/moon_read/929
THE VILLAINESS IN LOVE,https://t.me/moon_read/77
THE VILLAINESS IS A MARIONETTE,https://t.me/moon_read/518
THE VILLAINESS IS RAISING THE MALE PROTAGONIST,https://t.me/moon_read/787
THE VILLAINESS IS RETIRING,https://t.me/moon_read/76
THE VILLAINESS IS THE HEROINE'S BIGGEST FAN,https://t.me/moon_read/200
THE VILLAINESS LIVES AGAIN,https://t.me/moon_read/567
THE VILLAINESS STATIONERY SHOP,https://t.me/moon_read/350
THE VILLAINESS WANTS A DIVORCE,https://t.me/moon_read/492
THE VILLAINESS'S DAUGHTER IS GETTING AN OBSESSION,https://t.me/moon_read/1230
THE WEST WIND'S DESTINATIONüîû,https://t.me/moon_read/402
THE WIFE OF RED LION üîûüîûüîû,https://t.me/moon_read/691
THE WILD FLOWER OF THE PALACE,https://t.me/moon_read/172
THE WISHING WELL SERIES,https://t.me/moon_read/730
THE WITCH DIDN'T RAISE THE TYRANT THAT WAY,https://t.me/moon_read/884
THE WITCH'S TRILOGY,https://t.me/moon_read/1132
THE WORLD OFF ALL SOUL,https://t.me/moon_read/587
THE WORLD'S STRONGEST ARE OBSESSED WITH ME,https://t.me/moon_read/324
THE YOUNG WIFE üîûüîûüîû,https://t.me/moon_read/251
THEIR LOVE STORIES,https://t.me/moon_read/782
THEIR WAY OF LOVE,https://t.me/moon_read/1246
THERE ARE TWO SNAKES,https://t.me/moon_read/1130
THERE MUST BE HAPPY ENDING,https://t.me/moon_read/529
THERE'S NO WAY I WOULD MARRY YOU,https://t.me/moon_read/481
THINGS I DIDN'T KNOW BECAUSE IT WAS THE FIRST TIME,https://t.me/moon_read/472
THIS BL NOVEL IS RUINED NOW,https://t.me/moon_read/1095
"THIS IS THE WRONG HOUSE, VILLAIN",https://t.me/moon_read/738
THIS REINCARNATION REQUIRES A SUBSCRIPTION FEE,https://t.me/moon_read/1145
THIS TYPE OF COURTSHIP IS COMPLICATED,https://t.me/moon_read/557
THOUGHT IT WAS THE END ONLY TO RETURN TO CHANGE GENRE,https://t.me/moon_read/876
TIME OF THE BLIND BEAST,https://t.me/moon_read/1111
TO BE A VIRTUOUS WIFE,https://t.me/moon_read/490
TO MY BEASTLY SAVIOR,https://t.me/moon_read/872
TO NEVER LOSE HER AGAIN,https://t.me/moon_read/721
TO THE LOVE BORN IN THE LOWEST PLACE,https://t.me/moon_read/707
TO YOU MORALLESS üîûüîûüîû,https://t.me/moon_read/269
TO YOU WHO FORGOT ME,https://t.me/moon_read/750
TO YOU WHO WILL DESTROY ME,https://t.me/moon_read/864
TOTTO-CHAN : THE LITTLE GIRL AT THE WINDOW,https://t.me/moon_read/431
TOUCH MY BROTHER AND YOU DIE,https://t.me/moon_read/198
TOWARD THE MISTY BREEZE,https://t.me/moon_read/664
TOWARDS THE WINTER CABIN OF SERENITY & MADNESS üîû,https://t.me/moon_read/403
TOY LADY üîûüîû,https://t.me/moon_read/1019
TRAPPED IN A SECRET ROOM WITH THE DUKE üîû,https://t.me/moon_read/578
TRICKED INTO BECOMING THE HEROINE'S STEPMOTHER,https://t.me/moon_read/155
TROLL ‚ÄºÔ∏èüîûüîûüîû‚ò†Ô∏èüè¥‚Äç‚ò†Ô∏è‚ÄºÔ∏è,https://t.me/moon_read/1202
TRUE LOVE FADES AWAY WHEN THE CONTRACT ENDS,https://t.me/moon_read/426
TWILIGHT SAGA COMPLETE,https://t.me/moon_read/458
TWISTED SERIES üîûüîûüîû,https://t.me/moon_read/317
TWO SIDES OF THE PRINCESS,https://t.me/moon_read/776
TYRANT'S MAID OBSESSIVE NIGHTüîû,https://t.me/moon_read/572
UNDER THE OAK TREE : MAIN STORY¬†üîûüîûüîû,https://t.me/moon_read/256
UNDER THE OAK TREE : RIFTAN POV üîûüîûüîû,https://t.me/moon_read/258
UNDER THE OAK TREE : SIDE STORY I (THE WHITE KNIGHT),https://t.me/moon_read/260
UNDER THE OAK TREE : SIDE STORY II,https://t.me/moon_read/261
UNDER THE REALM OF THE BEAST,https://t.me/moon_read/982
UNFORSEEN ENGAGEMENT,https://t.me/moon_read/175
UNTAMED SIN üè¥‚Äç‚ò†Ô∏èüè¥‚Äç‚ò†Ô∏èüîû,https://t.me/moon_read/1061
UNTIL THE FAKE IDEAL TYPE BECOMES REAL,https://t.me/moon_read/1299
UNTOUCHABLE BY YOU,https://t.me/moon_read/826
UNWILLING TO DESIRE,https://t.me/moon_read/1129
VALIA TRIBUTE TO SHUDEN üîûüîûüîû,https://t.me/moon_read/144
VAMPIRE'S GAME üîûüîûüîû,https://t.me/moon_read/658
VENGEANCE NAMED LOVE / TRY BEGGING : SIDE STORY üîûüîûüîû,https://t.me/moon_read/240
VENGEANCE NAMED LOVE / TRY BEGGING ‚ÄºÔ∏èüîûüîûüîû‚ÄºÔ∏è,https://t.me/moon_read/239
VILLAIN EATEN BY A HERO,https://t.me/moon_read/885
VILLAINESS ARE DESTINED TO DIE,https://t.me/moon_read/38
VILLAINESS FLIPS THE SCRIPT,https://t.me/moon_read/44
VILLAINESS HAVE MORE FUN,https://t.me/moon_read/78
"VILLAINOUS LADY, THE OOBSESSION BEGINS",https://t.me/moon_read/1043
VILLAINS BEHIND THE CURTAIN,https://t.me/moon_read/374
VIOLET EVERGARDEN,https://t.me/moon_read/383
VIOLET LOVE SCANDAL üîûüîûüîû,https://t.me/moon_read/955
VIVIAN'S CIRCUMSTANCE üîûüîûüîû,https://t.me/moon_read/556
VULPECULA'S LOVE LETTER,https://t.me/moon_read/749
WAIT FOR ME YESTERDAY IN SPRING,https://t.me/moon_read/422
"WAKE UP, WARRIOR",https://t.me/moon_read/349
WARM BLACK TEA,https://t.me/moon_read/365
WASN'T THIS SUPPOSED TO BE A WHOLESOME ROMANCE FANTASY?,https://t.me/moon_read/1276
WE WON'T BREAK UP,https://t.me/moon_read/881
WE'RE IN A CONTRACT MARRIAGE BUT I'VE IMPRINTED üîûüîûüîû,https://t.me/moon_read/1093
WE'RE MARRIED AFTER ALL,https://t.me/moon_read/701
WEATHERING WITH YOU,https://t.me/moon_read/566
WEED~THE ONE'S GARDENER,https://t.me/moon_read/734
WELCOME TO THE ROSE MANSION,https://t.me/moon_read/728
WHAT HAPPENS IN THE ATTIC,https://t.me/moon_read/857
WHAT IT MEANS TO BE YOU,https://t.me/moon_read/212
WHAT REMAINS IN THE DAMAGED PLACE,https://t.me/moon_read/853
WHAT'S WRONG WITH SECRETARY KIM?,https://t.me/moon_read/244
WHAT'S WRONG WITH YOU DUKE,https://t.me/moon_read/80
WHEN A RECLUSE LADY'S PRETENSE IS EXPOSED,https://t.me/moon_read/1049
WHEN A SNAIL FALL IN LOVE,https://t.me/moon_read/476
WHEN A SNAIL FALLS IN LOVE,https://t.me/moon_read/724
WHEN A TYRANT DAD LOVES ‚ÄºÔ∏èüîûüîûüîû‚ÄºÔ∏è,https://t.me/moon_read/895
WHEN A WELL-RAISED SON GROWS UP üîûüîûüîû,https://t.me/moon_read/989
WHEN I LOVED YOU,https://t.me/moon_read/230
WHEN MARNIE WAS THERE,https://t.me/moon_read/866
WHEN MY ENEMIES BEGAN TO REGRET,https://t.me/moon_read/1232
WHEN THE BITTER WIND BLOWS,https://t.me/moon_read/661
WHEN THE BLACK MOON RISE,https://t.me/moon_read/1048
WHEN THE DOOR OPEN,https://t.me/moon_read/722
WHEN THE MOON TILTS WEST üîûüîûüîû,https://t.me/moon_read/729
WHEN THE PHONE RINGS,https://t.me/moon_read/348
WHEN THE TERRIBLY UNLUCKY VILLAINESS RETURNS,https://t.me/moon_read/1040
"WHEN THE VILLAINESS DIED, THE MALE LEAD WENT CRAZY",https://t.me/moon_read/1148
WHEN THE VILLAINS UNITE,https://t.me/moon_read/856
WHEN THE WITCH IS IMPRINTED üîûüîûüîû,https://t.me/moon_read/804
WHEN YOUR PAINS BECOMES MINE,https://t.me/moon_read/805
WHEN YOUR SECRET CRUSH WIZARD TOOK A LOVE POTION,https://t.me/moon_read/744
WHILE I'M ASKING NICELY,https://t.me/moon_read/579
WHITE OUT üîûüîûüîû,https://t.me/moon_read/690
WHO MADE ME A PRINCESS,https://t.me/moon_read/1201
WHO STOLE THE EMPRESS,https://t.me/moon_read/684
WHO'S THE LIAR,https://t.me/moon_read/1097
WHO'S THE PREY,https://t.me/moon_read/314
WHOSE CHILD BELONGS TO THE EMPEROR,https://t.me/moon_read/570
"WHY ARE YOU SORRY, DARLING?",https://t.me/moon_read/367
WHY DO THINGS CHANGE WHEN WE GET MARRIED?,https://t.me/moon_read/1065
WHY IS MY HUSBAND HERE? üîûüîû,https://t.me/moon_read/1031
WHY OPHELIA COULDN'T LEAVE üîû,https://t.me/moon_read/699
WINDBURG,https://t.me/moon_read/673
WINGS OF STARLIGHT¬†(DISNEY FAIRIES),https://t.me/moon_read/273
WINTER BUD,https://t.me/moon_read/1289
WINTER WOLF,https://t.me/moon_read/194
WINTER'S AGREEMENT,https://t.me/moon_read/788
WISH UPON A HUSBAND,https://t.me/moon_read/1071
WISH YOU LOVED ME,https://t.me/moon_read/780
WISHED YOU WERE DEAD,https://t.me/moon_read/87
WOLF CHILDREN,https://t.me/moon_read/427
WOULD YOU BE MY TOY,https://t.me/moon_read/950
WRITING A MYSTERY WITH THE DUKE,https://t.me/moon_read/164
"XOXO, MISS MINNIE üîûüîûüîû",https://t.me/moon_read/404
YAMI HARA,https://t.me/moon_read/466
YOU CAN KEEP THE MALE LEAD,https://t.me/moon_read/893
YOU SERIES,https://t.me/moon_read/329
YOU'RE AT THE END OF THE DOWNFALL,https://t.me/moon_read/356
YOU'RE MY SLAVE,https://t.me/moon_read/850
YOU'VE TO REPAY YOUR SAVIOR,https://t.me/moon_read/608
"YOU, MY DEVIL",https://t.me/moon_read/1156
YOUR BLUE EYES,https://t.me/moon_read/276
YOUR ETERNAL LIES,https://t.me/moon_read/162
"YOUR MAJESTY, I'M NOT THAT MAN üîûüîû",https://t.me/moon_read/1030
YOUR NAME (KIMI NO NAWA),https://t.me/moon_read/419
YOUR ULTIMATE LOVE RIVAL,https://t.me/moon_read/79
üí´,https://t.me/moon_read/31
